VideoId,LabelConfidencePairs
/home/vicker/Desktop/yt8m/test/vid1.mp4,1 0.501782 0 0.495028 7 0.493294 34 0.488969 26 0.488411 2 0.488356 72 0.487769 1325 0.487249 3238 0.487058 271 0.486939 3224 0.486455 1707 0.486275 290 0.486081 2288 0.485613 48 0.485505 130 0.485396 1016 0.485284 805 0.485193 278 0.485139 2103 0.485093
